{"name":"b65e155c-7e5e-44c5-98b9-155e3f2ca9b6","id":"/providers/Microsoft.Flow/flows/b65e155c-7e5e-44c5-98b9-155e3f2ca9b6","type":"Microsoft.Flow/flows","properties":{"apiId":"/providers/Microsoft.PowerApps/apis/shared_logicflows","displayName":"PowerNews","definition":{"metadata":{"workflowEntityId":null,"processAdvisorMetadata":null,"flowclientsuspensionreason":"None","flowclientsuspensiontime":null,"creator":{"id":"31ed89f3-bde8-4e96-ae08-f836f842e982","type":"User","tenantId":"72f988bf-86f1-41af-91ab-2d7cd011db47"},"provisioningMethod":"FromDefinition","failureAlertSubscription":true,"clientLastModifiedTime":"2022-02-04T17:34:08.0238664Z"},"$schema":"https://schema.management.azure.com/providers/Microsoft.Logic/schemas/2016-06-01/workflowdefinition.json#","contentVersion":"1.0.0.0","parameters":{"$connections":{"defaultValue":{},"type":"Object"},"$authentication":{"defaultValue":{},"type":"SecureObject"}},"triggers":{"Recurrence":{"recurrence":{"frequency":"Day","interval":1,"startTime":"2022-02-04T22:45:00.000Z"},"metadata":{"operationMetadataId":"37bc4109-e7c8-4807-b64e-29d11079e9fa"},"type":"Recurrence"}},"actions":{"List_PowerApps":{"runAfter":{},"metadata":{"operationMetadataId":"b8a51139-43d8-4287-9fb7-6d9cd0fe3e93"},"type":"OpenApiConnection","inputs":{"host":{"apiId":"/providers/Microsoft.PowerApps/apis/shared_rss","connectionName":"shared_rss","operationId":"ListFeedItems"},"parameters":{"feedUrl":"https://powerapps.microsoft.com/en-us/blog/feed/","since":"@getPastTime(7, 'Day')","sinceProperty":"PublishDate"},"authentication":"@parameters('$authentication')"}},"List_Power_Automate":{"runAfter":{"List_PowerApps":["Succeeded"]},"metadata":{"operationMetadataId":"603e1915-317c-4ae6-93ac-fde5eb65e338"},"type":"OpenApiConnection","inputs":{"host":{"apiId":"/providers/Microsoft.PowerApps/apis/shared_rss","connectionName":"shared_rss","operationId":"ListFeedItems"},"parameters":{"feedUrl":"https://powerautomate.microsoft.com/en-us/blog/feed/","since":"@getPastTime(7, 'Day')","sinceProperty":"PublishDate"},"authentication":"@parameters('$authentication')"}},"Init_pacNews":{"runAfter":{"List_Power_Automate":["Succeeded"]},"metadata":{"operationMetadataId":"43bccf15-f960-40d0-b93b-e632c7bcf180"},"type":"InitializeVariable","inputs":{"variables":[{"name":"pacNews","type":"string","value":"<ul style=\"list-style-type:disc\">"}]}},"Send_an_email_(V2)":{"runAfter":{"Close_pac":["Succeeded"]},"metadata":{"operationMetadataId":"15bcd168-0696-4518-9377-ffb41dfb5e83"},"type":"OpenApiConnection","inputs":{"host":{"apiId":"/providers/Microsoft.PowerApps/apis/shared_office365","connectionName":"shared_office365","operationId":"SendEmailV2"},"parameters":{"emailMessage/To":"your@email.com","emailMessage/Subject":"Power Platform Digest @{formatDateTime(utcNow(), 'dd.MM.yyyy')}","emailMessage/Body":"<style>\nbody {background-color: #fff1e5; margin-left: 10px; margin-top: 20px;}\na    {color: #33302e; text-weight: bold}\n</style>\n<body>\n<div>\n<span style=\"font-family: 'Times New Roman', Times, serif; font-size: 32px; text-decoration: underline; \">The PowerPlatform Times</span><br>\n<p><span style=\"font-family: tahoma; font-size: 24px\">Power Apps<br>\n</span><span style=\"font-family: tahoma\"></span><span style=\"font-family: tahoma\">@{variables('papNews')}</span><span style=\"font-family: tahoma\"><br>\n<br>\n</span><span style=\"font-family: tahoma; font-size: 24px\">Power Automate<br>\n</span><span style=\"font-family: tahoma\"></span><span style=\"font-family: tahoma\">@{variables('pacNews')}</span><span style=\"font-family: tahoma; font-size: 12px; font-weight: light;\"><br>\n<br>\nBest regards,<br>\nYour future AI Overlord, Power Automate.</span></p>\n</div>\n</body>"},"authentication":"@parameters('$authentication')"}},"Init_papNews":{"runAfter":{"Init_pacNews":["Succeeded"]},"metadata":{"operationMetadataId":"f98cc80e-3e3f-4796-bcd3-5a8c0d263323"},"type":"InitializeVariable","inputs":{"variables":[{"name":"papNews","type":"string","value":"<ul style=\"list-style-type:disc\">"}]}},"Read_Power_Automate_":{"foreach":"@body('List_Power_Automate')","actions":{"Append_pac":{"runAfter":{},"metadata":{"operationMetadataId":"41b77b6f-79c2-45a0-a6a3-4dc9fd59643f"},"type":"AppendToStringVariable","inputs":{"name":"pacNews","value":"<li><a href=\"@{item()?['primaryLink']}\">@{item()?['title']}</a><br/>\n@{item()?['summary']}<br/><br/></li>"}}},"runAfter":{"Init_papNews":["Succeeded"]},"metadata":{"operationMetadataId":"7fa56827-3844-4531-90c8-ca96851358e3"},"type":"Foreach"},"Read_Power_Apps":{"foreach":"@body('List_PowerApps')","actions":{"Append_pap":{"runAfter":{},"metadata":{"operationMetadataId":"cc840dd3-f6a9-4918-afac-8a0f5b2d1005"},"type":"AppendToStringVariable","inputs":{"name":"papNews","value":"<li><a href=\"@{item()?['primaryLink']}\">@{item()?['title']}</a><br/>\n@{item()?['summary']}<br/><br/></li>\n"}}},"runAfter":{"Read_Power_Automate_":["Succeeded"]},"metadata":{"operationMetadataId":"19f52b3c-9d62-42b3-bb80-4f6df3d1a8fb"},"type":"Foreach"},"Close_pap":{"runAfter":{"Read_Power_Apps":["Succeeded"]},"metadata":{"operationMetadataId":"c7e6bbf9-9602-48f9-b3cd-23c0dfb5ef62"},"type":"AppendToStringVariable","inputs":{"name":"papNews","value":"</ul>"}},"Close_pac":{"runAfter":{"Close_pap":["Succeeded"]},"metadata":{"operationMetadataId":"b300cdf0-6e49-4aa6-9bc9-7eaf1ed1c214"},"type":"AppendToStringVariable","inputs":{"name":"pacNews","value":"</ul>"}}}},"connectionReferences":{"shared_rss":{"connectionName":"shared-rss-73c7dad8-3a95-438a-82b6-cd1abadb9a58","source":"Embedded","id":"/providers/Microsoft.PowerApps/apis/shared_rss","tier":"NotSpecified"},"shared_office365":{"connectionName":"ef01859f4c764eeda2caf35251c086cd","source":"Embedded","id":"/providers/Microsoft.PowerApps/apis/shared_office365","tier":"NotSpecified"}},"flowFailureAlertSubscribed":false}}