{"name":"4a9d2774-3190-4db1-aa6d-984ad07cb116","id":"/providers/Microsoft.Flow/flows/4a9d2774-3190-4db1-aa6d-984ad07cb116","type":"Microsoft.Flow/flows","properties":{"apiId":"/providers/Microsoft.PowerApps/apis/shared_logicflows","displayName":"Summarize emails","definition":{"metadata":{"workflowEntityId":null,"processAdvisorMetadata":null,"flowclientsuspensionreason":"None","flowclientsuspensiontime":null,"creator":{"id":"71fd7fca-f87e-44b7-81b4-e5acfa314f79","type":"User","tenantId":"79f8134f-8056-4569-b5de-5bd62a6e0008"},"provisioningMethod":"FromDefinition","failureAlertSubscription":true,"clientLastModifiedTime":"2022-03-29T23:18:54.8819772Z"},"$schema":"https://schema.management.azure.com/providers/Microsoft.Logic/schemas/2016-06-01/workflowdefinition.json#","contentVersion":"1.0.0.0","parameters":{"$connections":{"defaultValue":{},"type":"Object"},"$authentication":{"defaultValue":{},"type":"SecureObject"}},"triggers":{"When_a_new_email_arrives_(V3)":{"splitOn":"@triggerOutputs()?['body/value']","metadata":{"operationMetadataId":"ab9ffb44-f915-4fbe-918d-01e1275e5310"},"type":"OpenApiConnectionNotification","inputs":{"host":{"apiId":"/providers/Microsoft.PowerApps/apis/shared_office365","connectionName":"shared_office365","operationId":"OnNewEmailV3"},"parameters":{"folderPath":"Inbox","includeAttachments":false,"importance":"Any","fetchOnlyWithAttachment":false},"authentication":"@parameters('$authentication')"}}},"actions":{"Submit_Job":{"runAfter":{},"metadata":{"operationMetadataId":"112c7a51-601b-4483-b18a-84796deae55e"},"type":"Http","inputs":{"method":"POST","uri":"https://textworks.cognitiveservices.azure.com/text/analytics/v3.2-preview.2/analyze","headers":{"Content-Type":"application/json","Ocp-Apim-Subscription-Key":"4e2982e2c112473ab3402ec026cbb8b7"},"body":{"analysisInput":{"documents":[{"language":"en","id":"1","text":"@{triggerOutputs()?['body/body']}"}]},"tasks":{"extractiveSummarizationTasks":[{"parameters":{"model-version":"latest","sentenceCount":3,"sortBy":"Offset"}}]}}}},"Iterate_Sentences":{"foreach":"@body('Get_Job')?['tasks']?['extractiveSummarizationTasks'][0]?['results']?['documents'][0]?['sentences']","actions":{"Append_to_string_variable":{"runAfter":{},"metadata":{"operationMetadataId":"4e0dc6ee-37a4-4898-b9d2-991301ddff88"},"type":"AppendToStringVariable","inputs":{"name":"strSummary","value":"\n@{items('Iterate_Sentences')?['text']}"}}},"runAfter":{"Init_strSummary":["Succeeded"]},"metadata":{"operationMetadataId":"1a3a4137-d015-42ac-a617-fd6008e2989f"},"type":"Foreach"},"Init_strSummary":{"runAfter":{"Wait_for_Job_to_Succeed":["Succeeded"]},"metadata":{"operationMetadataId":"32b011b1-2e3e-4013-b631-58efffeba65c"},"type":"InitializeVariable","inputs":{"variables":[{"name":"strSummary","type":"string"}]}},"Post_message_in_a_chat_or_channel":{"runAfter":{"Iterate_Sentences":["Succeeded"]},"metadata":{"operationMetadataId":"78e9dd96-9748-439d-be5f-1cdd1334d0e6"},"type":"OpenApiConnection","inputs":{"host":{"apiId":"/providers/Microsoft.PowerApps/apis/shared_teams","connectionName":"shared_teams","operationId":"PostMessageToConversation"},"parameters":{"poster":"Flow bot","location":"Channel","body/recipient/groupId":"cbbcb70e-1e5d-4337-8453-6dee368f0c5e","body/recipient/channelId":"19:8ac31829639d464295706e48fe3e8e71@thread.tacv2","body/messageBody":"<p><strong>@{triggerOutputs()?['body/subject']}</strong><br>\n@{variables('strSummary')}</p>"},"authentication":"@parameters('$authentication')"}},"Wait_for_Job_to_Succeed":{"actions":{"Delay":{"runAfter":{},"metadata":{"operationMetadataId":"faa75994-e338-45f6-a881-41678d741bea"},"type":"Wait","inputs":{"interval":{"count":5,"unit":"Second"}}},"Get_Job":{"runAfter":{"Delay":["Succeeded"]},"metadata":{"operationMetadataId":"5827aec7-bb39-4a91-85af-b655b5a6a0b1"},"type":"Http","inputs":{"method":"GET","uri":"@{outputs('Submit_Job')['headers']?['operation-location']}","headers":{"Content-Type":"application/json","Ocp-Apim-Subscription-Key":"4e2982e2c112473ab3402ec026cbb8b7"}}}},"runAfter":{"Submit_Job":["Succeeded"]},"expression":"@contains(body('Get_Job')?['status'], 'succeeded')","limit":{"count":50,"timeout":"PT1M"},"metadata":{"operationMetadataId":"816cfc59-d1da-4f3a-8c36-94cb7c4bdf92"},"type":"Until"}}},"connectionReferences":{"shared_office365":{"connectionName":"53378d183f924b57a18f78a2a6973987","source":"Embedded","id":"/providers/Microsoft.PowerApps/apis/shared_office365","tier":"NotSpecified"},"shared_teams":{"connectionName":"shared-teams-4429f046-784d-439a-a380-500ecf14ab91","source":"Embedded","id":"/providers/Microsoft.PowerApps/apis/shared_teams","tier":"NotSpecified"}},"flowFailureAlertSubscribed":false}}