{"name":"dffa72de-ad01-4920-a2b8-1be4d036e5f6","id":"/providers/Microsoft.Flow/flows/dffa72de-ad01-4920-a2b8-1be4d036e5f6","type":"Microsoft.Flow/flows","properties":{"apiId":"/providers/Microsoft.PowerApps/apis/shared_logicflows","displayName":"Pollen Detector","definition":{"metadata":{"workflowEntityId":null,"processAdvisorMetadata":null,"flowclientsuspensionreason":"None","flowclientsuspensiontime":null,"creator":{"id":"71fd7fca-f87e-44b7-81b4-e5acfa314f79","type":"User","tenantId":"79f8134f-8056-4569-b5de-5bd62a6e0008"},"provisioningMethod":"FromDefinition","failureAlertSubscription":true,"clientLastModifiedTime":"2022-04-05T22:01:15.3237447Z"},"$schema":"https://schema.management.azure.com/providers/Microsoft.Logic/schemas/2016-06-01/workflowdefinition.json#","contentVersion":"1.0.0.0","parameters":{"$connections":{"defaultValue":{},"type":"Object"},"$authentication":{"defaultValue":{},"type":"SecureObject"}},"triggers":{"Recurrence":{"recurrence":{"frequency":"Day","interval":1,"startTime":"2022-04-05T08:00:00.000Z"},"metadata":{"operationMetadataId":"578c8c68-9a1c-40c1-87ab-a0c0a91524e2"},"type":"Recurrence"}},"actions":{"Get_forecast":{"runAfter":{"Init_strLocation._Stores_forecast_location":["Succeeded"]},"limit":{"timeout":"P10S"},"metadata":{"operationMetadataId":"55e93de5-da1e-48ae-aa3f-4a9c4d3cfb94"},"type":"Http","inputs":{"method":"GET","uri":" https://api.ambeedata.com/forecast/pollen/by-place?place=@{variables('strLocation')}","headers":{"x-api-key":"dd7433555bb2b1e4f196176b1c88545b99644d157049b534dd83c5d0222d8604","Content-type":"application/json"}}},"Init_strLocation._Stores_forecast_location":{"runAfter":{},"metadata":{"operationMetadataId":"d5114505-bc7a-4d70-9623-acd15c9ff61b"},"type":"InitializeVariable","inputs":{"variables":[{"name":"strLocation","type":"string","value":"Brussels,Belgium"}]}},"Init_strTreesR":{"runAfter":{"Compose":["Succeeded"]},"metadata":{"operationMetadataId":"8dcf0e8f-9cfb-4326-a9a7-cf080dedfb6e"},"type":"InitializeVariable","inputs":{"variables":[{"name":"strTreesR","type":"string","value":"@{last(outputs('Compose')?['data'])?['Risk']?['tree_pollen']}"}]}},"Init_strGrassR":{"runAfter":{"Init_strTreesR":["Succeeded"]},"metadata":{"operationMetadataId":"9c391789-8b6a-4c20-a8e0-fd665b12ddbe"},"type":"InitializeVariable","inputs":{"variables":[{"name":"strGrassR","type":"string","value":"@{last(outputs('Compose')?['data'])?['Risk']?['grass_pollen']}"}]}},"Init_strWeedR":{"runAfter":{"Init_strGrassR":["Succeeded"]},"metadata":{"operationMetadataId":"32c522e8-62e8-4ed9-899f-e01ffb4a0fe0"},"type":"InitializeVariable","inputs":{"variables":[{"name":"strWeedR","type":"string","value":"@{last(outputs('Compose')?['data'])?['Risk']?['weed_pollen']}"}]}},"Compose":{"runAfter":{"Get_forecast":["Succeeded","TimedOut","Skipped","Failed"]},"metadata":{"operationMetadataId":"36cc09c1-5162-43d3-992d-b69a9eb7fb9e"},"type":"Compose","inputs":"@body('Get_forecast')"},"Is_there_high_pollen_forecast":{"actions":{"Apply_Template":{"runAfter":{},"metadata":{"operationMetadataId":"3d8d4e5b-bce5-48c1-b59d-a651367894ef"},"type":"Compose","inputs":"<!doctype html>\n<html>\n<head>\n<meta charset=\"utf-8\">\n<!-- utf-8 works for most cases -->\n<meta name=\"viewport\" content=\"width=device-width, initial-scale=1.0\">\n<!-- Forcing initial-scale shouldn't be necessary -->\n<meta http-equiv=\"X-UA-Compatible\" content=\"IE=edge\">\n<!-- Use the latest (edge) version of IE rendering engine -->\n<title>EmailTemplate-Fluid</title>\n<!-- The title tag shows in email notifications, like Android 4.4. -->\n\n<!-- Please use an inliner tool to convert all CSS to inline as inpage or external CSS is removed by email clients -->\n<!-- important in CSS is used to prevent the styles of currently inline CSS from overriding the ones mentioned in media queries when corresponding screen sizes are encountered -->\n\n<!-- CSS Reset -->\n<style type=\"text/css\">\n/* What it does: Remove spaces around the email design added by some email clients. */\n      /* Beware: It can remove the padding / margin and add a background color to the compose a reply window. */\nhtml, body {\n\tmargin: 0 !important;\n\tpadding: 0 !important;\n\theight: 100% !important;\n\twidth: 100% !important;\n}\n/* What it does: Stops email clients resizing small text. */\n* {\n\t-ms-text-size-adjust: 100%;\n\t-webkit-text-size-adjust: 100%;\n}\n/* What it does: Forces Outlook.com to display emails full width. */\n.ExternalClass {\n\twidth: 100%;\n}\n/* What is does: Centers email on Android 4.4 */\ndiv[style*=\"margin: 16px 0\"] {\n\tmargin: 0 !important;\n}\n/* What it does: Stops Outlook from adding extra spacing to tables. */\ntable, td {\n\tmso-table-lspace: 0pt !important;\n\tmso-table-rspace: 0pt !important;\n}\n/* What it does: Fixes webkit padding issue. Fix for Yahoo mail table alignment bug. Applies table-layout to the first 2 tables then removes for anything nested deeper. */\ntable {\n\tborder-spacing: 0 !important;\n\tborder-collapse: collapse !important;\n\ttable-layout: fixed !important;\n\tmargin: 0 auto !important;\n}\ntable table table {\n\ttable-layout: auto;\n}\n/* What it does: Uses a better rendering method when resizing images in IE. */\nimg {\n\t-ms-interpolation-mode: bicubic;\n}\n/* What it does: Overrides styles added when Yahoo's auto-senses a link. */\n.yshortcuts a {\n\tborder-bottom: none !important;\n}\n/* What it does: Another work-around for iOS meddling in triggered links. */\na[x-apple-data-detectors] {\n\tcolor: inherit !important;\n}\n\n#exp > .panel > .panel-body {\n    display: none;\n}\n#exp > .panel > .panel-body:target  {\n   display: block;\n}\n</style>\n\n<!-- Progressive Enhancements -->\n<style type=\"text/css\">\n/* What it does: Hover styles for buttons */\n.button-td, .button-a {\n\ttransition: all 100ms ease-in;\n}\n.button-td:hover, .button-a:hover {\n\tbackground: #555555 !important;\n\tborder-color: #555555 !important;\n}\n</style>\n\n</head>\n<body width=\"100%\" height=\"100%\" bgcolor=\"#e0e0e0\" style=\"margin: 0;\" yahoo=\"yahoo\">\n<table cellpadding=\"0\" cellspacing=\"0\" border=\"0\" height=\"100%\" width=\"100%\" bgcolor=\"#e0e0e0\" style=\"border-collapse:collapse;\">\n  <tr>\n    <td><center style=\"width: 100%;\">\n        \n        <!-- Visually Hidden Preheader Text : BEGIN -->\n<div style=\"display:none;font-size:1px;line-height:1px;max-height:0px;max-width:0px;opacity:0;overflow:hidden;mso-hide:all;font-family: sans-serif;\"> High pollen count alert</div>\n        <!-- Visually Hidden Preheader Text : END -->\n        \n        <div style=\"max-width: 600px;\"> \n          <!--[if (gte mso 9)|(IE)]>\n            <table cellspacing=\"0\" cellpadding=\"0\" border=\"0\" width=\"600\" align=\"center\">\n            <tr>\n            <td>\n            <![endif]--> \n          \n          <!-- Email Header : BEGIN -->\n          <table cellspacing=\"0\" cellpadding=\"0\" border=\"0\" align=\"center\" width=\"100%\" style=\"max-width: 600px;\">\n            <tr> </tr>\n          </table>\n          <!-- Email Header : END --> \n          \n          <!-- Email Body : BEGIN -->\n          <table cellspacing=\"0\" cellpadding=\"0\" border=\"0\" align=\"center\" bgcolor=\"#ffffff\" width=\"100%\" style=\"max-width: 600px;\">\n            \n            <!-- Hero Image, Flush : BEGIN -->\n            <tr>\n              <td class=\"full-width-image\" align=\"center\" ><img src=\"https://th.bing.com/th/id/OIP.D8FWdYYgGksSpZErnnY3kgHaCl?pid=ImgDet&rs=1\" alt=\"alt_text\" width=\"260\" height=\"195\" style=\"width: 100%; max-width: 600px; height: auto \" border=\"0\"></td>\n            </tr>\n            <!-- Hero Image, Flush : END --> \n            \n            <!-- 1 Column Text : BEGIN -->\n            <tr>\n              <td><table cellspacing=\"0\" cellpadding=\"0\" border=\"0\" width=\"100%\">\n                  <tr>\n                    <td style=\"padding-left: 40px; padding-right: 40px; font-family: sans-serif; font-size: 15px; mso-height-rule: exactly; line-height: 20px; color: #555555;\"> <div style=\"font-size: 42px; font-family: Baskerville, 'Palatino Linotype', Palatino, 'Century Schoolbook L', 'Times New Roman', 'serif'\"><p style=\"\">Pollen Alert</p>\n                    </div>\n                      <table width=\"100%\" style=\"text-align: left; font:normal; border-radius: 10px; border: #FF0004\">\n                        <tbody>\n                          <tr style=\"font-size: 18px;\">\n                            <td scope=\"col\" style=\"width: 40px\"><div style=\"background-color: {TreesC};  margin-right: 10px; border-radius: 10px;\">Trees:&nbsp;<strong>@{variables('strTreesR')}</strong></div></td>\n                            <td scope=\"col\" style=\"width: 40px\"><div style=\"background-color: {WeedsC}; margin-right: 10px; border-radius: 10px;\">Weeds:&nbsp;<strong>@{variables('strWeedR')}</strong></div></td>\n                            <td scope=\"col\" style=\"width: 40px;\"><div style=\"background-color: {GrassC}; margin-right: 10px; border-radius: 10px;\">Grass: <strong>@{variables('strGrassR')}</strong></div></td>\n                          </tr >\n                        </tbody>\n                      </table></td>\n                  </tr>\n                </table>\n</td>\n            </tr>\n            <!-- 1 Column Text : BEGIN --> \n            \n            <!-- Two Even Columns : BEGIN -->\n            <tr>\n              <td bgcolor=\"#ffffff\" align=\"center\" height=\"100%\" valign=\"top\" width=\"100%\"><!--[if mso]>\n                        <table cellspacing=\"0\" cellpadding=\"0\" border=\"0\" align=\"center\" width=\"560\">\n                        <tr>\n                        <td align=\"center\" valign=\"top\" width=\"560\">\n                        <![endif]-->\n                <div style=\"width: 100%; height: 40px; margin-top: 20px; background-size: 800px; background-position: bottom; background-image: url('https://th.bing.com/th/id/OIP.D8FWdYYgGksSpZErnnY3kgHaCl?pid=ImgDet&rs=1')\"></div>\n\n                \n                <!--[if mso]>\n                        </td>\n                        </tr>\n                        </table>\n                        <![endif]--></td>\n            </tr>\n            <!-- Two Even Columns : END -->\n            \n\n          <!-- Email Body : END --> \n          \n          <!-- Email Footer : BEGIN -->\n       \n          <!-- Email Footer : END --> \n          \n          <!--[if (gte mso 9)|(IE)]>\n            </td>\n            </tr>\n            </table>\n            <![endif]--> \n        </div>\n      </center></td>\n  </tr>\n</table>\n</body>\n</html>\n"},"Send_Pollen_Alert":{"runAfter":{"Apply_Template":["Succeeded"]},"metadata":{"operationMetadataId":"dc38459e-082a-41e5-bd3d-94691b6c9a26"},"type":"OpenApiConnection","inputs":{"host":{"apiId":"/providers/Microsoft.PowerApps/apis/shared_office365","connectionName":"shared_office365","operationId":"SendEmailV2"},"parameters":{"emailMessage/To":"ifain@feincraftcloud.onmicrosoft.com","emailMessage/Subject":"Pollen Alert","emailMessage/Body":"@outputs('Apply_Template')"},"authentication":"@parameters('$authentication')"}}},"runAfter":{"Init_strWeedR":["Succeeded"]},"expression":{"or":[{"contains":["@variables('strWeedR')","High"]},{"contains":["@variables('strGrassR')","High"]},{"contains":["@variables('strTreesR')","High"]}]},"metadata":{"operationMetadataId":"aef7cb37-7757-4167-a06b-3a3d66300e1c"},"type":"If"}}},"connectionReferences":{"shared_office365":{"connectionName":"53378d183f924b57a18f78a2a6973987","source":"Embedded","id":"/providers/Microsoft.PowerApps/apis/shared_office365","tier":"NotSpecified"}},"flowFailureAlertSubscribed":false}}