{"name":"3bd89d91-f412-44bd-a869-f83e91e0e204","id":"/providers/Microsoft.Flow/flows/3bd89d91-f412-44bd-a869-f83e91e0e204","type":"Microsoft.Flow/flows","properties":{"apiId":"/providers/Microsoft.PowerApps/apis/shared_logicflows","displayName":"Send Loop","definition":{"metadata":{"workflowEntityId":null,"processAdvisorMetadata":null,"flowclientsuspensionreason":"None","flowclientsuspensiontime":null,"creator":{"id":"71fd7fca-f87e-44b7-81b4-e5acfa314f79","type":"User","tenantId":"79f8134f-8056-4569-b5de-5bd62a6e0008"},"provisioningMethod":"FromDefinition","failureAlertSubscription":true,"clientLastModifiedTime":"2022-06-17T20:07:07.9336325Z"},"$schema":"https://schema.management.azure.com/providers/Microsoft.Logic/schemas/2016-06-01/workflowdefinition.json#","contentVersion":"1.0.0.0","parameters":{"$connections":{"defaultValue":{},"type":"Object"},"$authentication":{"defaultValue":{},"type":"SecureObject"}},"triggers":{"manual":{"metadata":{"operationMetadataId":"40a3b47e-956f-46ef-9da7-d6296d0a4a18"},"type":"Request","kind":"Button","inputs":{"schema":{"type":"object","properties":{},"required":[]}}}},"actions":{"Share_Loop":{"runAfter":{"Create_New_Loop":["Succeeded"]},"metadata":{"operationMetadataId":"9cd05270-ba6a-47d1-919d-bfc03897575e"},"type":"OpenApiConnection","inputs":{"host":{"apiId":"/providers/Microsoft.PowerApps/apis/shared_sharepointonline","connectionName":"shared_sharepointonline","operationId":"CreateSharingLink"},"parameters":{"dataset":"https://feincraftcloud.sharepoint.com/sites/feincraftcloud","table":"c857e4a9-f4d3-44cd-8e0b-148f69fa7947","id":"@outputs('Create_New_Loop')?['body/ItemId']","permission/type":"edit","permission/scope":"organization"},"authentication":{"value":"@json(decodeBase64(triggerOutputs().headers['X-MS-APIM-Tokens']))['$ConnectionKey']","type":"Raw"}}},"Copy_from_Loop_Template":{"runAfter":{},"metadata":{"%252fShared%2bDocuments%252fLoop%2bTemplates%252fTask%2bList%2bTemplate.fluid":"/Shared Documents/Loop Templates/Task List Template.fluid","operationMetadataId":"98dba652-8f76-4eac-810d-c637406dcdf9"},"type":"OpenApiConnection","inputs":{"host":{"apiId":"/providers/Microsoft.PowerApps/apis/shared_sharepointonline","connectionName":"shared_sharepointonline","operationId":"GetFileContent"},"parameters":{"dataset":"https://feincraftcloud.sharepoint.com/sites/feincraftcloud","id":"%252fShared%2bDocuments%252fLoop%2bTemplates%252fTask%2bList%2bTemplate.fluid","inferContentType":true},"authentication":{"value":"@json(decodeBase64(triggerOutputs().headers['X-MS-APIM-Tokens']))['$ConnectionKey']","type":"Raw"}}},"Create_New_Loop":{"runAfter":{"Copy_from_Loop_Template":["Succeeded"]},"metadata":{"operationMetadataId":"f8b2373f-156f-4ca3-99dc-c6eb50ddd877"},"type":"OpenApiConnection","inputs":{"host":{"apiId":"/providers/Microsoft.PowerApps/apis/shared_sharepointonline","connectionName":"shared_sharepointonline","operationId":"CreateFile"},"parameters":{"dataset":"https://feincraftcloud.sharepoint.com/sites/feincraftcloud","folderPath":"/Shared Documents/Loop Documents","name":"@concat('Task List ',guid(),'.fluid')","body":"@body('Copy_from_Loop_Template')"},"authentication":{"value":"@json(decodeBase64(triggerOutputs().headers['X-MS-APIM-Tokens']))['$ConnectionKey']","type":"Raw"}},"runtimeConfiguration":{"contentTransfer":{"transferMode":"Chunked"}}},"Compose_Link_to_Loop":{"runAfter":{"Share_Loop":["Succeeded"]},"metadata":{"operationMetadataId":"9f629240-3036-4948-a722-b0923532a762"},"type":"Compose","inputs":"@concat(outputs('Share_Loop')?['body/link/webUrl'], '')"},"Send_an_email_(V2)":{"runAfter":{"Compose_Link_to_Loop":["Succeeded"]},"metadata":{"operationMetadataId":"b7dd335b-d19d-4c46-83df-ef8c4d8cbdbb"},"type":"OpenApiConnection","inputs":{"host":{"apiId":"/providers/Microsoft.PowerApps/apis/shared_office365","connectionName":"shared_office365","operationId":"SendEmailV2"},"parameters":{"emailMessage/To":"ifain@feincraftcloud.onmicrosoft.com","emailMessage/Subject":"Checkout this Loop task list","emailMessage/Body":"@outputs('Compose_Link_to_Loop')","emailMessage/Importance":"Normal"},"authentication":{"value":"@json(decodeBase64(triggerOutputs().headers['X-MS-APIM-Tokens']))['$ConnectionKey']","type":"Raw"}}}}},"connectionReferences":{"shared_sharepointonline":{"connectionName":"shared-sharepointonl-38744a86-6f6b-4645-9a90-bec17288db94","source":"Invoker","id":"/providers/Microsoft.PowerApps/apis/shared_sharepointonline","tier":"NotSpecified"},"shared_office365":{"connectionName":"53378d183f924b57a18f78a2a6973987","source":"Invoker","id":"/providers/Microsoft.PowerApps/apis/shared_office365","tier":"NotSpecified"}},"flowFailureAlertSubscribed":false,"isManaged":false}}