{"name":"c302a3e7-5e5b-4073-8bab-b41fdd95bef6","id":"/providers/Microsoft.Flow/flows/c302a3e7-5e5b-4073-8bab-b41fdd95bef6","type":"Microsoft.Flow/flows","properties":{"apiId":"/providers/Microsoft.PowerApps/apis/shared_logicflows","displayName":"CoolNewVideos","definition":{"metadata":{"workflowEntityId":null,"processAdvisorMetadata":null,"flowclientsuspensionreason":"None","flowclientsuspensiontime":null,"creator":{"id":"71fd7fca-f87e-44b7-81b4-e5acfa314f79","type":"User","tenantId":"79f8134f-8056-4569-b5de-5bd62a6e0008"},"provisioningMethod":"FromDefinition","failureAlertSubscription":true,"clientLastModifiedTime":"2022-02-12T19:01:46.9883211Z"},"$schema":"https://schema.management.azure.com/providers/Microsoft.Logic/schemas/2016-06-01/workflowdefinition.json#","contentVersion":"1.0.0.0","parameters":{"$connections":{"defaultValue":{},"type":"Object"},"$authentication":{"defaultValue":{},"type":"SecureObject"}},"triggers":{"When_a_new_video_matches_a_search":{"recurrence":{"frequency":"Minute","interval":5},"splitOn":"@triggerOutputs()?['body/items']","metadata":{"operationMetadataId":"74a491d6-c7c9-44ea-8555-c4ab9082af6a"},"type":"OpenApiConnection","inputs":{"host":{"apiId":"/providers/Microsoft.PowerApps/apis/shared_youtube","connectionName":"shared_youtube","operationId":"OnNewVideoMatchingSearch"},"parameters":{"q":"\"Power+Platform\"+OR+\"Power+Automate\"&sp=EgIIAw%253D%253D"},"authentication":"@parameters('$authentication')"}}},"actions":{"Send_me_a_mobile_notification":{"runAfter":{},"metadata":{"operationMetadataId":"df22fc64-f116-4f5a-b50a-a8497b3d3af7"},"type":"OpenApiConnection","inputs":{"host":{"apiId":"/providers/Microsoft.PowerApps/apis/shared_flowpush","connectionName":"shared_flowpush","operationId":"SendNotification"},"parameters":{"NotificationDefinition/notificationText":"@triggerOutputs()?['body/snippet/title']","NotificationDefinition/notificationLink/uri":"@triggerOutputs()?['body/htmlLink']","NotificationDefinition/notificationLink/label":"@triggerOutputs()?['body/snippet/channelTitle']"},"authentication":"@parameters('$authentication')"}}}},"connectionReferences":{"shared_youtube":{"connectionName":"shared-youtube-3ca987f8-87ad-40ca-9d3a-9e4a81ea5e26","source":"Embedded","id":"/providers/Microsoft.PowerApps/apis/shared_youtube","tier":"NotSpecified"},"shared_flowpush":{"connectionName":"shared-flowpush-cd6ea68e-8850-4080-9dbf-cf9b3073e725","source":"Embedded","id":"/providers/Microsoft.PowerApps/apis/shared_flowpush","tier":"NotSpecified"}},"flowFailureAlertSubscribed":false}}